path,noisy_labels_0,noisy_labels_1,noisy_labels_5,noisy_labels_25,noisy_labels_50,is_valid,predictions,confidence
train/n03425413/n03425413_15403.JPEG,n03425413,n03425413,n03888257,n03425413,n03425413,False,n03425413,0.9999864
train/n03445777/n03445777_16078.JPEG,n03445777,n03445777,n02979186,n03394916,n03445777,False,n03445777,0.9999659
train/n03888257/n03888257_30997.JPEG,n03888257,n03888257,n03000684,n03888257,n03888257,False,n03888257,0.9999037
train/n03425413/n03425413_16794.JPEG,n03425413,n03425413,n01440764,n03425413,n02102040,False,n03425413,0.9998679
train/n03000684/n03000684_11175.JPEG,n03000684,n03000684,n01440764,n03000684,n03000684,False,n03000684,0.99986506
train/n03888257/n03888257_73265.JPEG,n03888257,n03888257,n02102040,n03000684,n03888257,False,n03888257,0.9998305
train/n03028079/n03028079_1008.JPEG,n03028079,n03028079,n03417042,n03425413,n03445777,False,n03028079,0.99980575
train/n03445777/n03445777_8343.JPEG,n03445777,n03445777,n03888257,n01440764,n03417042,False,n03445777,0.99983406
train/n01440764/n01440764_1145.JPEG,n01440764,n01440764,n03425413,n02102040,n03417042,False,n01440764,0.99984837
train/n03000684/n03000684_1015.JPEG,n03000684,n03888257,n03445777,n03000684,n03000684,False,n03000684,0.99976724
train/n03394916/n03394916_60697.JPEG,n03394916,n03394916,n03417042,n03394916,n03445777,False,n03394916,0.9997516
train/n03888257/n03888257_19648.JPEG,n03888257,n03888257,n02979186,n01440764,n03888257,False,n03888257,0.9998505
train/n02979186/n02979186_11318.JPEG,n02979186,n02979186,n03028079,n03028079,n02979186,False,n02979186,0.9996958
train/n03888257/n03888257_25706.JPEG,n03888257,n03888257,n03417042,n03000684,n03445777,False,n03888257,0.99973625
train/n03445777/n03445777_9888.JPEG,n03445777,n03445777,n01440764,n03445777,n03445777,False,n03445777,0.99973685
train/n01440764/n01440764_13966.JPEG,n01440764,n01440764,n03425413,n01440764,n01440764,False,n01440764,0.99970776
train/n03445777/n03445777_7647.JPEG,n03445777,n03445777,n03000684,n03445777,n03394916,False,n03445777,0.99976605
train/n03394916/n03394916_36945.JPEG,n03394916,n03394916,n02979186,n03394916,n03394916,False,n03394916,0.99967706
train/n03445777/n03445777_5838.JPEG,n03445777,n03445777,n01440764,n03445777,n03445777,False,n03445777,0.9996487
train/n01440764/n01440764_31953.JPEG,n01440764,n01440764,n02102040,n01440764,n03028079,False,n01440764,0.99973756
train/n03888257/n03888257_27996.JPEG,n03888257,n03888257,n03417042,n03888257,n03888257,False,n03888257,0.99962294
train/n03445777/n03445777_147.JPEG,n03445777,n03445777,n03394916,n02102040,n03445777,False,n03445777,0.9996555
train/n03445777/n03445777_6926.JPEG,n03445777,n03445777,n03028079,n03445777,n03445777,False,n03445777,0.999616
train/n03000684/n03000684_10707.JPEG,n03000684,n03000684,n03028079,n03888257,n03028079,False,n03000684,0.9994905
train/n03888257/n03888257_36265.JPEG,n03888257,n03888257,n02102040,n03000684,n03888257,False,n03888257,0.99952686
train/n02102040/n02102040_2329.JPEG,n02102040,n02102040,n03888257,n02102040,n03888257,False,n02102040,0.9994449
train/n02979186/n02979186_9798.JPEG,n02979186,n02979186,n01440764,n02979186,n03394916,False,n02979186,0.9995092
train/n03445777/n03445777_4188.JPEG,n03445777,n03445777,n03417042,n03445777,n03888257,False,n03445777,0.9994211
train/n03394916/n03394916_52498.JPEG,n03394916,n03394916,n03417042,n03394916,n02102040,False,n03394916,0.9994423
train/n03000684/n03000684_1326.JPEG,n03000684,n03000684,n03394916,n03000684,n03888257,False,n03000684,0.9994382
train/n01440764/n01440764_1793.JPEG,n01440764,n01440764,n03000684,n01440764,n01440764,False,n01440764,0.99935347
train/n03888257/n03888257_27343.JPEG,n03888257,n03888257,n02979186,n03000684,n03000684,False,n03888257,0.9994031
train/n03445777/n03445777_3503.JPEG,n03445777,n03445777,n01440764,n03445777,n03445777,False,n03445777,0.9993482
train/n03445777/ILSVRC2012_val_00035519.JPEG,n03445777,n03445777,n01440764,n03445777,n02979186,False,n03445777,0.9993973
train/n01440764/ILSVRC2012_val_00025527.JPEG,n01440764,n01440764,n03394916,n01440764,n01440764,False,n01440764,0.9993531
train/n03888257/n03888257_38563.JPEG,n03888257,n03888257,n02979186,n03888257,n03888257,False,n03888257,0.99945515
train/n03394916/n03394916_56527.JPEG,n03394916,n03394916,n01440764,n03394916,n03394916,False,n03394916,0.99933016
train/n03000684/n03000684_35223.JPEG,n03000684,n03000684,n02102040,n03000684,n01440764,False,n03000684,0.9993674
train/n03028079/n03028079_10425.JPEG,n03028079,n03028079,n03425413,n03028079,n03888257,False,n03028079,0.99927586
train/n03394916/n03394916_3228.JPEG,n03394916,n03394916,n03445777,n03394916,n01440764,False,n03394916,0.9992835
train/n03445777/n03445777_13567.JPEG,n03445777,n03445777,n03888257,n03000684,n03445777,False,n03445777,0.99929345
train/n03417042/n03417042_8275.JPEG,n03417042,n03417042,n03445777,n02979186,n01440764,False,n03417042,0.99922705
train/n03417042/n03417042_17616.JPEG,n03417042,n03417042,n03028079,n02979186,n02979186,False,n03417042,0.9993604
train/n01440764/n01440764_5087.JPEG,n01440764,n01440764,n03888257,n01440764,n01440764,False,n01440764,0.9991431
train/n01440764/n01440764_22029.JPEG,n01440764,n01440764,n03425413,n01440764,n03000684,False,n01440764,0.99905497
train/n03445777/n03445777_14399.JPEG,n03445777,n03445777,n03028079,n03445777,n03028079,False,n03445777,0.99926025
train/n01440764/n01440764_4565.JPEG,n01440764,n01440764,n03888257,n01440764,n01440764,False,n01440764,0.9989235
train/n03417042/n03417042_6646.JPEG,n03417042,n03417042,n01440764,n03417042,n03028079,False,n03417042,0.9990872
train/n03417042/n03417042_3375.JPEG,n03417042,n03417042,n03000684,n03417042,n03417042,False,n03417042,0.99889416
train/n01440764/n01440764_30835.JPEG,n01440764,n01440764,n02979186,n03425413,n01440764,False,n01440764,0.99882406
train/n02979186/n02979186_3113.JPEG,n02979186,n02979186,n01440764,n02979186,n02979186,False,n02979186,0.999065
train/n03000684/n03000684_3747.JPEG,n03000684,n03000684,n03445777,n03000684,n02979186,False,n03000684,0.9988859
train/n03425413/n03425413_3416.JPEG,n03425413,n03425413,n03888257,n03425413,n03028079,False,n03425413,0.9989479
train/n03888257/n03888257_72509.JPEG,n03888257,n03888257,n02979186,n03888257,n03888257,False,n03888257,0.99882823
train/n03445777/n03445777_1717.JPEG,n03445777,n03445777,n03417042,n03888257,n03445777,False,n03445777,0.9986173
train/n03028079/n03028079_15739.JPEG,n03028079,n03028079,n03445777,n03028079,n02102040,False,n03028079,0.99873394
train/n03445777/n03445777_9289.JPEG,n03445777,n03445777,n03000684,n03888257,n03445777,False,n03445777,0.9988857
train/n03028079/n03028079_2678.JPEG,n03028079,n03028079,n02979186,n03028079,n03028079,False,n03028079,0.99877983
train/n03445777/n03445777_5597.JPEG,n03445777,n03445777,n03000684,n03445777,n02102040,False,n03445777,0.9989411
train/n01440764/n01440764_11668.JPEG,n01440764,n01440764,n03888257,n03888257,n01440764,False,n01440764,0.998439
train/n03888257/n03888257_10919.JPEG,n03888257,n03888257,n03000684,n03028079,n03888257,False,n03888257,0.9988318
train/n02979186/n02979186_13873.JPEG,n02979186,n02979186,n02102040,n02979186,n03394916,False,n02979186,0.99838364
train/n02979186/n02979186_2163.JPEG,n02979186,n02979186,n02102040,n03394916,n02979186,False,n02979186,0.9985776
train/n03425413/n03425413_19428.JPEG,n03425413,n03425413,n03445777,n03425413,n03425413,False,n03425413,0.9983103
train/n02102040/n02102040_2018.JPEG,n02102040,n02102040,n03888257,n02102040,n02102040,False,n02102040,0.9983191
train/n03000684/n03000684_1859.JPEG,n03000684,n03000684,n01440764,n03000684,n03000684,False,n03000684,0.9985
train/n02979186/n02979186_2516.JPEG,n02979186,n02979186,n03000684,n03425413,n03417042,False,n02979186,0.9983576
train/n01440764/n01440764_13855.JPEG,n01440764,n01440764,n03888257,n03445777,n03425413,False,n01440764,0.99825007
train/n02102040/n02102040_265.JPEG,n02102040,n02102040,n03425413,n02102040,n02102040,False,n02102040,0.9982497
train/n02979186/n02979186_258.JPEG,n02979186,n02979186,n03888257,n02979186,n03425413,False,n02979186,0.9980332
train/n03425413/n03425413_13328.JPEG,n03425413,n03425413,n03888257,n03425413,n03425413,False,n03425413,0.99798214
train/n01440764/n01440764_739.JPEG,n01440764,n01440764,n02979186,n01440764,n03028079,False,n01440764,0.99799985
train/n03028079/n03028079_14885.JPEG,n03028079,n03028079,n03417042,n03028079,n03028079,False,n03028079,0.9977831
train/n03445777/n03445777_3036.JPEG,n03445777,n03445777,n03000684,n03028079,n03445777,False,n03445777,0.9981665
train/n01440764/n01440764_8243.JPEG,n01440764,n01440764,n03028079,n03888257,n02979186,False,n01440764,0.99784756
train/n03028079/n03028079_484.JPEG,n03028079,n03028079,n02102040,n03028079,n03028079,False,n03028079,0.9979279
train/n03417042/n03417042_3238.JPEG,n03417042,n03417042,n02102040,n01440764,n03000684,False,n03417042,0.9982638
train/n01440764/n01440764_13116.JPEG,n01440764,n01440764,n03394916,n01440764,n03000684,False,n01440764,0.9978021
train/n03028079/n03028079_699.JPEG,n03028079,n03028079,n03394916,n03028079,n03394916,False,n03028079,0.99782455
train/n03028079/n03028079_578.JPEG,n03028079,n03028079,n01440764,n03028079,n03028079,False,n03028079,0.9983304
train/n03394916/n03394916_50609.JPEG,n03394916,n03394916,n03888257,n03394916,n03394916,False,n03394916,0.99781716
train/n03417042/ILSVRC2012_val_00021253.JPEG,n03417042,n03417042,n03445777,n03425413,n01440764,False,n03417042,0.99776053
train/n03888257/n03888257_16077.JPEG,n03888257,n03888257,n03000684,n03888257,n03425413,False,n03888257,0.9983392
train/n03445777/n03445777_5699.JPEG,n03445777,n03445777,n03028079,n03394916,n03445777,False,n03445777,0.9980646
train/n03417042/n03417042_21055.JPEG,n03417042,n03417042,n03425413,n03417042,n03028079,False,n03417042,0.99752
train/n03028079/n03028079_5033.JPEG,n03028079,n03028079,n03888257,n03028079,n03000684,False,n03028079,0.9977779
train/n03888257/n03888257_34666.JPEG,n03888257,n03888257,n03445777,n03888257,n03394916,False,n03888257,0.9978586
train/n03445777/n03445777_4533.JPEG,n03445777,n03445777,n03028079,n03028079,n03445777,False,n03445777,0.99837303
train/n02979186/n02979186_9604.JPEG,n02979186,n02979186,n02102040,n02979186,n03000684,False,n02979186,0.99733573
train/n03445777/n03445777_3595.JPEG,n03445777,n03445777,n03028079,n03445777,n03445777,False,n03445777,0.9981445
train/n03425413/n03425413_13763.JPEG,n03425413,n03425413,n03000684,n03425413,n02102040,False,n03425413,0.9978855
train/n03888257/n03888257_18096.JPEG,n03888257,n03888257,n02979186,n02979186,n03888257,False,n03888257,0.99752647
train/n01440764/n01440764_28418.JPEG,n01440764,n01440764,n03000684,n01440764,n03888257,False,n01440764,0.9972607
train/n03394916/n03394916_43665.JPEG,n03394916,n03394916,n03445777,n03394916,n02979186,False,n03394916,0.9977192
train/n03445777/n03445777_1468.JPEG,n03445777,n03445777,n03888257,n03445777,n03028079,False,n03445777,0.9972355
train/n01440764/n01440764_12586.JPEG,n01440764,n01440764,n03394916,n01440764,n03888257,False,n01440764,0.9969952
train/n03000684/n03000684_10899.JPEG,n03000684,n03000684,n03394916,n03000684,n03000684,False,n03000684,0.9967956
train/n03028079/n03028079_56526.JPEG,n03028079,n03028079,n03000684,n03028079,n03028079,False,n03028079,0.9972404
train/n03445777/n03445777_2339.JPEG,n03445777,n03445777,n03028079,n03445777,n03445777,False,n03445777,0.9974107
train/n02102040/n02102040_1617.JPEG,n02102040,n02102040,n03028079,n03445777,n01440764,False,n02102040,0.99657816
train/n02979186/n02979186_9914.JPEG,n02979186,n02979186,n03425413,n03425413,n03000684,False,n02979186,0.99649113
train/n03445777/n03445777_8446.JPEG,n03445777,n03445777,n03888257,n03445777,n03445777,False,n03445777,0.996896
train/n03425413/n03425413_1284.JPEG,n03425413,n03425413,n02979186,n03888257,n03425413,False,n03425413,0.9963804
train/n03028079/n03028079_9448.JPEG,n03028079,n03028079,n01440764,n03028079,n03028079,False,n03028079,0.9965166
train/n03888257/n03888257_9408.JPEG,n03888257,n03888257,n03000684,n03888257,n02979186,False,n03888257,0.99638534
train/n01440764/n01440764_5256.JPEG,n01440764,n01440764,n03394916,n01440764,n01440764,False,n01440764,0.99643975
train/n03445777/n03445777_13576.JPEG,n03445777,n03445777,n01440764,n03445777,n03445777,False,n03445777,0.9963252
train/n03394916/n03394916_38605.JPEG,n03394916,n03394916,n03417042,n03394916,n03394916,False,n03394916,0.9971438
train/n03888257/n03888257_36937.JPEG,n03888257,n03888257,n03425413,n03888257,n02102040,False,n03888257,0.9967405
train/n02979186/n02979186_15639.JPEG,n02979186,n02979186,n03000684,n02979186,n03888257,False,n02979186,0.99681705
train/n02102040/n02102040_1786.JPEG,n02102040,n02102040,n03445777,n02102040,n03888257,False,n02102040,0.99680257
train/n03028079/n03028079_110598.JPEG,n03028079,n03028079,n03394916,n03028079,n03028079,False,n03028079,0.9964606
train/n02102040/n02102040_3159.JPEG,n02102040,n02102040,n03000684,n02102040,n02979186,False,n02102040,0.9960289
train/n02979186/n02979186_4935.JPEG,n02979186,n02979186,n03394916,n02979186,n03394916,False,n02979186,0.99602973
train/n01440764/n01440764_6548.JPEG,n01440764,n01440764,n03394916,n01440764,n01440764,False,n01440764,0.99610776
train/n03888257/n03888257_19494.JPEG,n03888257,n03888257,n03028079,n03888257,n03888257,False,n03888257,0.99593395
train/n02979186/n02979186_13055.JPEG,n02979186,n02979186,n03888257,n02979186,n03417042,False,n02979186,0.9957
train/n03888257/n03888257_22687.JPEG,n03888257,n03888257,n01440764,n03888257,n03394916,False,n03888257,0.9961747
train/n01440764/n01440764_5295.JPEG,n01440764,n01440764,n03000684,n01440764,n01440764,False,n01440764,0.9956065
train/n03394916/n03394916_28258.JPEG,n03394916,n03394916,n03000684,n03394916,n03417042,False,n03394916,0.99576366
train/n03425413/n03425413_23604.JPEG,n03425413,n03425413,n03028079,n03425413,n03425413,False,n03425413,0.99603736
train/n03445777/n03445777_9124.JPEG,n03445777,n03445777,n03888257,n03445777,n03445777,False,n03445777,0.99604034
train/n02979186/n02979186_10117.JPEG,n02979186,n02979186,n03028079,n02979186,n03028079,False,n02979186,0.99541974
train/n03888257/n03888257_18939.JPEG,n03888257,n03888257,n02979186,n03888257,n03028079,False,n03888257,0.9970488
train/n03417042/n03417042_1176.JPEG,n03417042,n03417042,n03445777,n03417042,n01440764,False,n03417042,0.9953341
train/n01440764/n01440764_7913.JPEG,n01440764,n01440764,n03888257,n01440764,n03028079,False,n01440764,0.9953361
train/n03425413/ILSVRC2012_val_00019256.JPEG,n03425413,n03425413,n03417042,n03425413,n02102040,False,n03425413,0.9955415
train/n03888257/n03888257_4929.JPEG,n03888257,n03888257,n02102040,n03888257,n03417042,False,n03888257,0.9953583
train/n03394916/n03394916_51764.JPEG,n03394916,n03394916,n02979186,n02979186,n03000684,False,n03394916,0.99551845
train/n03028079/n03028079_4174.JPEG,n03028079,n03028079,n03394916,n03028079,n01440764,False,n03028079,0.9958021
train/n02102040/n02102040_5057.JPEG,n02102040,n02102040,n03425413,n02102040,n01440764,False,n02102040,0.9955864
train/n03394916/n03394916_35869.JPEG,n03394916,n03394916,n02979186,n03394916,n03394916,False,n03394916,0.99497414
train/n03417042/n03417042_8248.JPEG,n03417042,n03417042,n03028079,n03028079,n03445777,False,n03417042,0.9947813
train/n02979186/n02979186_5043.JPEG,n02979186,n02979186,n03445777,n02979186,n03445777,False,n02979186,0.9959787
train/n03000684/n03000684_16134.JPEG,n03000684,n03000684,n03417042,n03000684,n03417042,False,n03000684,0.99676883
train/n03425413/ILSVRC2012_val_00007186.JPEG,n03425413,n03425413,n03888257,n03394916,n03028079,False,n03425413,0.9948377
train/n03028079/n03028079_31199.JPEG,n03028079,n03028079,n03425413,n03028079,n03028079,False,n03028079,0.9953382
train/n03417042/ILSVRC2012_val_00009345.JPEG,n03417042,n03417042,n01440764,n03417042,n03417042,False,n03417042,0.9958864
train/n03417042/n03417042_18253.JPEG,n03417042,n03417042,n03888257,n03417042,n02979186,False,n03417042,0.995449
train/n02102040/n02102040_5627.JPEG,n02102040,n02102040,n03888257,n02102040,n02102040,False,n02102040,0.9943929
train/n03445777/n03445777_7794.JPEG,n03445777,n03445777,n03888257,n03445777,n03394916,False,n03445777,0.9954529
train/n03445777/n03445777_4708.JPEG,n03445777,n03445777,n03000684,n03445777,n03445777,False,n03445777,0.99464864
train/n02102040/n02102040_8126.JPEG,n02102040,n02102040,n03425413,n03425413,n02102040,False,n02102040,0.9956819
train/n01440764/n01440764_9567.JPEG,n01440764,n01440764,n03445777,n03394916,n01440764,False,n01440764,0.99412197
train/n03425413/n03425413_14507.JPEG,n03425413,n03425413,n01440764,n03425413,n03028079,False,n03425413,0.9947967
train/n02979186/n02979186_21154.JPEG,n02979186,n02979186,n03394916,n02979186,n02979186,False,n02979186,0.9947842
train/n02102040/n02102040_2358.JPEG,n02102040,n02102040,n03425413,n02102040,n02102040,False,n02102040,0.99608886
train/n03425413/n03425413_20494.JPEG,n03425413,n03425413,n03888257,n03394916,n03425413,False,n03425413,0.99388194
train/n03028079/n03028079_3023.JPEG,n03028079,n03028079,n03425413,n03028079,n03028079,False,n03028079,0.9954228
train/n03028079/n03028079_44856.JPEG,n03028079,n03028079,n02102040,n03028079,n03028079,False,n03028079,0.99377304
train/n02979186/n02979186_6023.JPEG,n02979186,n02979186,n03394916,n03425413,n02979186,False,n02979186,0.9945861
train/n03394916/n03394916_43458.JPEG,n03394916,n03394916,n03445777,n03394916,n03425413,False,n03394916,0.9940818
train/n02979186/n02979186_14735.JPEG,n02979186,n02979186,n03445777,n02979186,n02979186,False,n02979186,0.99372584
train/n03000684/ILSVRC2012_val_00006669.JPEG,n03000684,n03000684,n01440764,n01440764,n03000684,False,n03000684,0.993995
train/n03028079/n03028079_3633.JPEG,n03028079,n03028079,n02102040,n03028079,n03028079,False,n03028079,0.9938445
train/n02102040/n02102040_3149.JPEG,n02102040,n02102040,n02979186,n02102040,n02102040,False,n02102040,0.9946964
train/n03425413/n03425413_14923.JPEG,n03425413,n03425413,n03417042,n03425413,n03445777,False,n03425413,0.9939405
train/n02102040/ILSVRC2012_val_00049218.JPEG,n02102040,n02102040,n03425413,n02102040,n03888257,False,n02102040,0.99314195
train/n02979186/n02979186_1504.JPEG,n02979186,n02979186,n03417042,n02979186,n01440764,False,n02979186,0.99260956
train/n03028079/n03028079_10218.JPEG,n03028079,n03028079,n03417042,n03028079,n03445777,False,n03028079,0.99246687
train/n03445777/n03445777_8266.JPEG,n03445777,n03445777,n02102040,n03445777,n03394916,False,n03445777,0.9920076
train/n02979186/ILSVRC2012_val_00017463.JPEG,n02979186,n03394916,n03000684,n02979186,n01440764,False,n02979186,0.9931028
train/n03394916/n03394916_24268.JPEG,n03394916,n03394916,n01440764,n03394916,n03000684,False,n03394916,0.9928155
train/n03028079/n03028079_15363.JPEG,n03028079,n03028079,n02102040,n01440764,n03888257,False,n03028079,0.9925626
train/n03888257/n03888257_6309.JPEG,n03888257,n03888257,n03445777,n03888257,n03425413,False,n03888257,0.9919551
train/n03417042/n03417042_7599.JPEG,n03417042,n03417042,n03000684,n03394916,n03417042,False,n03417042,0.994557
train/n03028079/n03028079_11614.JPEG,n03028079,n03417042,n02979186,n03028079,n03028079,False,n03028079,0.9917714
train/n02102040/n02102040_8029.JPEG,n02102040,n02102040,n03028079,n02102040,n03394916,False,n02102040,0.99319696
train/n03394916/n03394916_45827.JPEG,n03394916,n03394916,n03000684,n03000684,n03394916,False,n03394916,0.99181503
train/n03000684/n03000684_9978.JPEG,n03000684,n03000684,n03028079,n01440764,n03000684,False,n03000684,0.9913332
train/n02979186/n02979186_20355.JPEG,n02979186,n02979186,n01440764,n03888257,n03028079,False,n02979186,0.9923739
train/n03425413/n03425413_19416.JPEG,n03425413,n03425413,n03394916,n03425413,n03888257,False,n03425413,0.99186444
train/n03417042/n03417042_7485.JPEG,n03417042,n03417042,n03445777,n03417042,n01440764,False,n03417042,0.9924644
train/n03417042/n03417042_10993.JPEG,n03417042,n03417042,n02979186,n03417042,n03417042,False,n03417042,0.99115986
train/n01440764/ILSVRC2012_val_00009379.JPEG,n01440764,n01440764,n03425413,n01440764,n01440764,False,n01440764,0.99402
train/n01440764/n01440764_2825.JPEG,n01440764,n01440764,n03417042,n01440764,n03028079,False,n01440764,0.99084735
train/n03000684/n03000684_3853.JPEG,n03000684,n03000684,n03445777,n03000684,n03445777,False,n03000684,0.99102217
train/n01440764/n01440764_7908.JPEG,n01440764,n01440764,n03394916,n01440764,n01440764,False,n01440764,0.9939956
train/n01440764/n01440764_12635.JPEG,n01440764,n01440764,n03394916,n01440764,n03394916,False,n01440764,0.9904171
train/n02102040/n02102040_1277.JPEG,n02102040,n02102040,n03394916,n02102040,n02102040,False,n02102040,0.99064785
train/n03394916/n03394916_12723.JPEG,n03394916,n03394916,n02102040,n03888257,n03394916,False,n03394916,0.99198395
train/n03394916/n03394916_23598.JPEG,n03394916,n03394916,n03888257,n03417042,n03445777,False,n03394916,0.9903651
train/n03445777/ILSVRC2012_val_00036187.JPEG,n03445777,n03445777,n03417042,n03445777,n03888257,False,n03445777,0.9897949
train/n03888257/n03888257_34374.JPEG,n03888257,n03888257,n03445777,n03888257,n03888257,False,n03888257,0.99126315
train/n03425413/n03425413_22005.JPEG,n03425413,n03394916,n03888257,n03000684,n03425413,False,n03425413,0.99057263
train/n03000684/n03000684_644.JPEG,n03000684,n03000684,n03417042,n03000684,n03888257,False,n03000684,0.99182737
train/n03394916/n03394916_31743.JPEG,n03394916,n03394916,n02979186,n03394916,n03394916,False,n03394916,0.9921347
train/n03394916/n03394916_29284.JPEG,n03394916,n03394916,n03888257,n03394916,n03394916,False,n03394916,0.9905792
train/n02979186/n02979186_12375.JPEG,n02979186,n02979186,n03445777,n02979186,n02979186,False,n02979186,0.99272436
train/n01440764/n01440764_10698.JPEG,n01440764,n01440764,n03445777,n01440764,n01440764,False,n01440764,0.99092066
train/n02979186/n02979186_469.JPEG,n02979186,n02979186,n03888257,n02979186,n01440764,False,n02979186,0.9894489
train/n03000684/n03000684_19699.JPEG,n03000684,n03000684,n03445777,n03000684,n03000684,False,n03000684,0.9892435
train/n01440764/ILSVRC2012_val_00007197.JPEG,n01440764,n01440764,n02979186,n01440764,n01440764,False,n01440764,0.9915685
train/n03417042/n03417042_14809.JPEG,n03417042,n03417042,n01440764,n03417042,n03417042,False,n03417042,0.9904394
train/n03888257/n03888257_33265.JPEG,n03888257,n03888257,n02102040,n03000684,n03888257,False,n03888257,0.9917129
train/n02102040/n02102040_626.JPEG,n02102040,n02102040,n02979186,n01440764,n02102040,False,n02102040,0.9902293
train/n03425413/n03425413_9659.JPEG,n03425413,n03425413,n03394916,n02979186,n02102040,False,n03425413,0.9912999
train/n02102040/n02102040_4263.JPEG,n02102040,n02102040,n02979186,n02102040,n02102040,False,n02102040,0.99003524
train/n02102040/n02102040_4748.JPEG,n02102040,n02102040,n03445777,n02102040,n03417042,False,n02102040,0.9908875
train/n03394916/n03394916_21075.JPEG,n03394916,n03394916,n01440764,n03394916,n03394916,False,n03394916,0.9914676
train/n03394916/n03394916_33308.JPEG,n03394916,n03394916,n03445777,n01440764,n02979186,False,n03394916,0.9906061
train/n03445777/n03445777_936.JPEG,n03445777,n03445777,n03394916,n03445777,n02102040,False,n03445777,0.9917508
train/n03028079/ILSVRC2012_val_00044414.JPEG,n03028079,n03028079,n03425413,n03028079,n03888257,False,n03028079,0.9893188
train/n03425413/n03425413_15063.JPEG,n03425413,n03425413,n03394916,n03425413,n03425413,False,n03425413,0.9903791
train/n02102040/n02102040_1214.JPEG,n02102040,n02102040,n02979186,n02102040,n02102040,False,n02102040,0.99026185
train/n01440764/n01440764_6878.JPEG,n01440764,n01440764,n03417042,n01440764,n01440764,False,n01440764,0.9885716
train/n03425413/n03425413_21528.JPEG,n03425413,n03425413,n02102040,n03425413,n02979186,False,n03425413,0.9904081
train/n03425413/n03425413_31505.JPEG,n03425413,n03425413,n03417042,n03425413,n03417042,False,n03425413,0.98887616
train/n02979186/n02979186_12303.JPEG,n02979186,n02979186,n03394916,n02979186,n02979186,False,n02979186,0.98885185
train/n03394916/n03394916_41888.JPEG,n03394916,n03394916,n03425413,n03394916,n03425413,False,n03394916,0.9884736
train/n03028079/n03028079_59507.JPEG,n03028079,n03028079,n01440764,n03028079,n02102040,False,n03028079,0.9905766
train/n02979186/n02979186_7134.JPEG,n02979186,n02979186,n03000684,n01440764,n03028079,False,n02979186,0.9896864
train/n01440764/n01440764_137.JPEG,n01440764,n01440764,n03888257,n01440764,n01440764,False,n01440764,0.9877066
train/n01440764/ILSVRC2012_val_00031333.JPEG,n01440764,n01440764,n03445777,n01440764,n01440764,False,n01440764,0.9878748
train/n03888257/n03888257_12446.JPEG,n03888257,n03888257,n03445777,n02979186,n03888257,False,n03888257,0.9905041
train/n03028079/n03028079_10375.JPEG,n03028079,n03028079,n02102040,n02102040,n02979186,False,n03028079,0.99020725
train/n01440764/n01440764_13744.JPEG,n01440764,n01440764,n02979186,n01440764,n01440764,False,n01440764,0.99104565
train/n03394916/n03394916_63083.JPEG,n03394916,n03394916,n02102040,n03028079,n03394916,False,n03394916,0.98873705
train/n02102040/n02102040_6843.JPEG,n02102040,n02102040,n03028079,n02102040,n02102040,False,n02102040,0.9877252
train/n03028079/n03028079_7888.JPEG,n03028079,n03028079,n03888257,n03028079,n03000684,False,n03028079,0.9864117
train/n03394916/n03394916_4867.JPEG,n03394916,n03394916,n02102040,n03394916,n03394916,False,n03394916,0.989199
train/n03028079/n03028079_7077.JPEG,n03028079,n03028079,n02102040,n03028079,n03028079,False,n03028079,0.98623544
train/n03000684/n03000684_19434.JPEG,n03000684,n03000684,n03394916,n03000684,n03888257,False,n03000684,0.98894846
train/n03425413/n03425413_15919.JPEG,n03425413,n03425413,n01440764,n02102040,n03394916,False,n03425413,0.9850413
train/n02102040/n02102040_5704.JPEG,n02102040,n02102040,n03394916,n03000684,n01440764,False,n02102040,0.9867497
train/n03445777/n03445777_6173.JPEG,n03445777,n03445777,n02102040,n03445777,n03445777,False,n03445777,0.988467
train/n02979186/n02979186_73.JPEG,n02979186,n02979186,n03000684,n02979186,n02979186,False,n02979186,0.9866933
train/n01440764/n01440764_5089.JPEG,n01440764,n01440764,n03445777,n01440764,n03888257,False,n01440764,0.98462635
train/n03028079/n03028079_16705.JPEG,n03028079,n03028079,n03425413,n03028079,n03028079,False,n03028079,0.9843871
train/n02979186/n02979186_14773.JPEG,n02979186,n02979186,n03417042,n02979186,n02102040,False,n02979186,0.98801094
train/n01440764/n01440764_2803.JPEG,n01440764,n01440764,n03425413,n01440764,n03445777,False,n01440764,0.988274
train/n03417042/n03417042_18124.JPEG,n03417042,n03417042,n03000684,n03417042,n03445777,False,n03417042,0.9850369
train/n03028079/n03028079_983.JPEG,n03028079,n03028079,n03888257,n03028079,n03028079,False,n03028079,0.9832544
train/n02102040/n02102040_468.JPEG,n02102040,n02102040,n03394916,n02102040,n02102040,False,n02102040,0.98498094
train/n03394916/n03394916_42314.JPEG,n03394916,n03394916,n03000684,n03394916,n03394916,False,n03394916,0.9895371
train/n02102040/n02102040_528.JPEG,n02102040,n02102040,n02979186,n02102040,n02102040,False,n02102040,0.9896309
train/n03028079/n03028079_22655.JPEG,n03028079,n03028079,n03000684,n03028079,n03028079,False,n03028079,0.98288685
train/n03417042/n03417042_4614.JPEG,n03417042,n03417042,n03028079,n03417042,n01440764,False,n03417042,0.98657006
train/n03394916/n03394916_5359.JPEG,n03394916,n03394916,n02102040,n03394916,n03425413,False,n03394916,0.98518777
train/n03445777/n03445777_9543.JPEG,n03445777,n03445777,n03394916,n02102040,n03445777,False,n03445777,0.9865926
train/n03425413/n03425413_8596.JPEG,n03425413,n03425413,n02102040,n03425413,n03425413,False,n03425413,0.98333263
train/n03394916/n03394916_36154.JPEG,n03394916,n03394916,n03425413,n03394916,n03394916,False,n03394916,0.9862054
train/n01440764/n01440764_10464.JPEG,n01440764,n01440764,n03888257,n03888257,n03000684,False,n01440764,0.98135287
train/n03417042/n03417042_1756.JPEG,n03417042,n03417042,n03394916,n03417042,n03417042,False,n03417042,0.98254323
train/n03028079/n03028079_52923.JPEG,n03028079,n03028079,n03425413,n03028079,n03417042,False,n03028079,0.9830708
train/n03888257/n03888257_10645.JPEG,n03888257,n03888257,n03394916,n03417042,n03888257,False,n03888257,0.98355883
train/n03394916/n03394916_63634.JPEG,n03394916,n03394916,n01440764,n03394916,n03445777,False,n03394916,0.9814285
train/n03425413/n03425413_486.JPEG,n03425413,n03425413,n03394916,n03425413,n03425413,False,n03425413,0.9814933
train/n03888257/n03888257_6358.JPEG,n03888257,n03888257,n03445777,n03888257,n03888257,False,n03888257,0.9852261
train/n02102040/n02102040_6515.JPEG,n02102040,n02102040,n01440764,n02102040,n03888257,False,n02102040,0.98247254
train/n02102040/n02102040_4884.JPEG,n02102040,n02102040,n02979186,n02102040,n03417042,False,n02102040,0.98513246
train/n03000684/n03000684_3343.JPEG,n03000684,n03000684,n03028079,n02102040,n01440764,False,n03000684,0.9823988
train/n03417042/ILSVRC2012_val_00047374.JPEG,n03417042,n03417042,n03394916,n03417042,n02102040,False,n03417042,0.9810859
train/n01440764/n01440764_20299.JPEG,n01440764,n01440764,n03000684,n01440764,n02979186,False,n01440764,0.9833477
train/n03000684/n03000684_16096.JPEG,n03000684,n03000684,n03888257,n03000684,n03000684,False,n03000684,0.9827094
train/n03425413/n03425413_1207.JPEG,n03425413,n03425413,n03445777,n03425413,n03394916,False,n03425413,0.9810581
train/n01440764/n01440764_12494.JPEG,n01440764,n01440764,n02979186,n01440764,n03394916,False,n01440764,0.9814751
train/n01440764/n01440764_20523.JPEG,n01440764,n01440764,n03417042,n01440764,n03888257,False,n01440764,0.9793185
train/n03028079/n03028079_9744.JPEG,n03028079,n03028079,n03888257,n03028079,n03028079,False,n03028079,0.9857788
train/n03028079/n03028079_2904.JPEG,n03028079,n03028079,n03000684,n03028079,n03394916,False,n03028079,0.9797132
train/n01440764/n01440764_14506.JPEG,n01440764,n01440764,n02102040,n01440764,n01440764,False,n01440764,0.98217976
train/n03445777/n03445777_6158.JPEG,n03445777,n03445777,n02102040,n03445777,n03445777,False,n03445777,0.9835175
train/n01440764/n01440764_4436.JPEG,n01440764,n01440764,n02979186,n02979186,n01440764,False,n01440764,0.9787957
train/n03394916/n03394916_19996.JPEG,n03394916,n03394916,n03000684,n03394916,n03417042,False,n03394916,0.98701316
train/n01440764/n01440764_7558.JPEG,n01440764,n01440764,n02102040,n01440764,n02979186,False,n01440764,0.9852584
train/n03000684/n03000684_14907.JPEG,n03000684,n03000684,n02979186,n03000684,n03028079,False,n03000684,0.97775966
train/n03028079/ILSVRC2012_val_00042264.JPEG,n03028079,n03028079,n02102040,n03028079,n03394916,False,n03028079,0.98752975
train/n03394916/n03394916_31986.JPEG,n03394916,n03394916,n02102040,n01440764,n01440764,False,n03394916,0.9811091
train/n02102040/n02102040_2986.JPEG,n02102040,n02102040,n03445777,n02102040,n03394916,False,n02102040,0.9807617
train/n03028079/n03028079_19245.JPEG,n03028079,n03028079,n02979186,n03028079,n03394916,False,n03028079,0.9779563
train/n03028079/n03028079_10014.JPEG,n03028079,n03028079,n03394916,n03028079,n03028079,False,n03028079,0.98413104
train/n02102040/n02102040_1127.JPEG,n02102040,n02102040,n03394916,n02102040,n01440764,False,n02102040,0.9786551
train/n01440764/n01440764_5366.JPEG,n01440764,n01440764,n03028079,n01440764,n03888257,False,n01440764,0.9824492
train/n01440764/n01440764_20316.JPEG,n01440764,n01440764,n03425413,n01440764,n01440764,False,n01440764,0.9821607
train/n02102040/n02102040_1325.JPEG,n02102040,n02102040,n03445777,n02102040,n02102040,False,n02102040,0.98617876
train/n03417042/n03417042_8919.JPEG,n03417042,n03417042,n01440764,n01440764,n03417042,False,n03417042,0.9772438
train/n03028079/n03028079_7309.JPEG,n03028079,n03028079,n03445777,n03028079,n03028079,False,n03028079,0.981104
train/n03417042/n03417042_5634.JPEG,n03417042,n03417042,n03028079,n03417042,n03417042,False,n03417042,0.97981936
train/n03425413/n03425413_16749.JPEG,n03425413,n03425413,n03028079,n03425413,n03425413,False,n03425413,0.97802347
train/n03425413/n03425413_13726.JPEG,n03425413,n03425413,n03445777,n03425413,n03425413,False,n03425413,0.9770827
train/n03028079/n03028079_13573.JPEG,n03028079,n03028079,n03394916,n03028079,n03028079,False,n03028079,0.9803257
train/n01440764/n01440764_6246.JPEG,n01440764,n01440764,n03425413,n03000684,n01440764,False,n01440764,0.98477894
train/n03417042/n03417042_8325.JPEG,n03417042,n03417042,n01440764,n03417042,n02102040,False,n03417042,0.9754174
train/n03028079/n03028079_16118.JPEG,n03028079,n03028079,n03000684,n03028079,n03028079,False,n03028079,0.97397965
train/n02102040/n02102040_2313.JPEG,n02102040,n02102040,n02979186,n02102040,n02102040,False,n02102040,0.9813866
train/n03028079/n03028079_4167.JPEG,n03028079,n03028079,n03000684,n03028079,n02102040,False,n03028079,0.9726543
train/n03417042/n03417042_3886.JPEG,n03417042,n03417042,n03888257,n03445777,n03417042,False,n03417042,0.97667116
train/n02102040/n02102040_7768.JPEG,n02102040,n02102040,n03888257,n02102040,n03425413,False,n02102040,0.9735299
train/n03000684/n03000684_24909.JPEG,n03000684,n03000684,n03445777,n03000684,n03000684,False,n03000684,0.97611135
train/n03417042/n03417042_7444.JPEG,n03417042,n03417042,n02979186,n03417042,n03445777,False,n03417042,0.9739692
train/n03000684/n03000684_36473.JPEG,n03000684,n03000684,n03417042,n03425413,n03417042,False,n03000684,0.9735919
train/n01440764/n01440764_5638.JPEG,n01440764,n01440764,n03028079,n01440764,n03417042,False,n01440764,0.97728866
train/n03000684/n03000684_5045.JPEG,n03000684,n03000684,n03394916,n03425413,n02102040,False,n03000684,0.97299093
train/n02979186/n02979186_10013.JPEG,n02979186,n02979186,n03425413,n02979186,n02979186,False,n02979186,0.9746943
train/n03028079/n03028079_29414.JPEG,n03028079,n03028079,n03425413,n03028079,n03028079,False,n03028079,0.97485423
train/n02979186/n02979186_10713.JPEG,n02979186,n02979186,n03888257,n02979186,n03394916,False,n02979186,0.9714811
train/n01440764/n01440764_9197.JPEG,n01440764,n01440764,n03888257,n01440764,n01440764,False,n01440764,0.97313976
train/n01440764/n01440764_4744.JPEG,n01440764,n01440764,n02102040,n01440764,n01440764,False,n01440764,0.98235804
train/n02979186/n02979186_11926.JPEG,n02979186,n02979186,n02102040,n02979186,n02102040,False,n02979186,0.9692253
train/n02979186/n02979186_12705.JPEG,n02979186,n02979186,n02102040,n02979186,n02979186,False,n02979186,0.97500914
train/n01440764/n01440764_31518.JPEG,n01440764,n01440764,n03425413,n01440764,n01440764,False,n01440764,0.981152
train/n03394916/n03394916_37384.JPEG,n03394916,n03394916,n03888257,n03394916,n03028079,False,n03394916,0.98177516
train/n01440764/n01440764_5003.JPEG,n01440764,n01440764,n02979186,n03000684,n01440764,False,n01440764,0.9693257
train/n03417042/n03417042_27986.JPEG,n03417042,n03417042,n02979186,n03417042,n03417042,False,n03417042,0.9684693
train/n03445777/n03445777_12724.JPEG,n03445777,n03445777,n03000684,n03445777,n03000684,False,n03445777,0.9691459
train/n02102040/n02102040_979.JPEG,n02102040,n02102040,n01440764,n02979186,n02102040,False,n02102040,0.9706477
train/n03000684/n03000684_154.JPEG,n03000684,n03000684,n02102040,n03000684,n03000684,False,n03000684,0.9667263
train/n03417042/n03417042_22828.JPEG,n03417042,n03417042,n03425413,n03417042,n03417042,False,n03417042,0.96702564
train/n03417042/n03417042_10256.JPEG,n03417042,n03417042,n03000684,n03417042,n03888257,False,n03417042,0.9703334
train/n03000684/n03000684_23807.JPEG,n03000684,n03000684,n01440764,n03000684,n03394916,False,n03000684,0.96916413
train/n03028079/n03028079_2495.JPEG,n03028079,n03028079,n03445777,n03028079,n02979186,False,n03028079,0.96960527
train/n03000684/n03000684_12053.JPEG,n03000684,n03000684,n03028079,n03000684,n03000684,False,n03000684,0.9699715
train/n03425413/n03425413_20234.JPEG,n03425413,n03425413,n02102040,n03425413,n03425413,False,n03425413,0.9624066
train/n03000684/n03000684_2886.JPEG,n03000684,n03000684,n03425413,n03000684,n03028079,False,n03000684,0.9619906
train/n02102040/n02102040_1169.JPEG,n02102040,n02102040,n03445777,n02102040,n02102040,False,n02102040,0.9742376
train/n03888257/n03888257_29778.JPEG,n03888257,n03888257,n03394916,n03888257,n03394916,False,n03888257,0.9698443
train/n02102040/n02102040_2149.JPEG,n02102040,n02102040,n03888257,n02979186,n02102040,False,n02102040,0.9626923
train/n03425413/ILSVRC2012_val_00018006.JPEG,n03425413,n03425413,n03445777,n03425413,n03425413,False,n03425413,0.96330076
train/n02979186/n02979186_1218.JPEG,n02979186,n02979186,n03000684,n02979186,n03445777,False,n02979186,0.9714695
train/n03425413/n03425413_17399.JPEG,n03425413,n03425413,n03417042,n03425413,n02102040,False,n03425413,0.9604937
train/n03888257/n03888257_11109.JPEG,n03888257,n03888257,n03028079,n03888257,n03425413,False,n03888257,0.961572
train/n02102040/n02102040_3157.JPEG,n02102040,n02102040,n01440764,n01440764,n01440764,False,n02102040,0.9601842
train/n02979186/n02979186_5856.JPEG,n02979186,n02979186,n03445777,n02979186,n02979186,False,n02979186,0.9619404
train/n03000684/n03000684_15763.JPEG,n03000684,n03000684,n03445777,n03000684,n03000684,False,n03000684,0.96685356
train/n03417042/n03417042_11037.JPEG,n03417042,n03417042,n03445777,n03417042,n03417042,False,n03417042,0.9593619
train/n03425413/n03425413_13148.JPEG,n03425413,n03425413,n03445777,n03425413,n03425413,False,n03425413,0.9691188
train/n02102040/n02102040_6846.JPEG,n02102040,n02102040,n03000684,n02102040,n02102040,False,n02102040,0.9562514
train/n02979186/n02979186_16193.JPEG,n02979186,n02979186,n01440764,n02979186,n03028079,False,n02979186,0.95895374
train/n03445777/n03445777_9939.JPEG,n03445777,n03445777,n03394916,n03445777,n03394916,False,n03445777,0.96046036
train/n02102040/n02102040_1129.JPEG,n02102040,n02102040,n02979186,n03028079,n02102040,False,n02102040,0.9695255
train/n03028079/n03028079_18335.JPEG,n03028079,n03028079,n02102040,n03028079,n03445777,False,n03028079,0.97171146
train/n02102040/n02102040_7617.JPEG,n02102040,n02102040,n03417042,n02102040,n02102040,False,n02102040,0.96296805
train/n03425413/n03425413_15109.JPEG,n03425413,n03425413,n03000684,n03425413,n03394916,False,n03425413,0.9541108
train/n03417042/n03417042_8139.JPEG,n03417042,n03417042,n03000684,n02979186,n03417042,False,n03417042,0.9591277
train/n03888257/n03888257_19805.JPEG,n03888257,n03888257,n02102040,n03888257,n03425413,False,n03888257,0.95086133
train/n03000684/n03000684_4653.JPEG,n03000684,n03000684,n01440764,n03000684,n03028079,False,n03000684,0.97233003
train/n03028079/n03028079_16633.JPEG,n03028079,n03028079,n03445777,n03028079,n03028079,False,n03028079,0.95138586
train/n02979186/n02979186_16933.JPEG,n02979186,n02979186,n03425413,n02979186,n02979186,False,n02979186,0.96108264
train/n03394916/n03394916_33248.JPEG,n03394916,n03394916,n03425413,n03417042,n03000684,False,n03394916,0.9532468
train/n03425413/n03425413_20277.JPEG,n03425413,n03425413,n03028079,n03425413,n03000684,False,n03425413,0.9509483
train/n03028079/n03028079_30345.JPEG,n03028079,n03028079,n03417042,n03028079,n02102040,False,n03028079,0.95677173
train/n02102040/n02102040_1595.JPEG,n02102040,n02102040,n03445777,n01440764,n03028079,False,n02102040,0.9550612
train/n03888257/n03888257_36594.JPEG,n03888257,n03888257,n03417042,n03417042,n03888257,False,n03888257,0.96594507
train/n01440764/n01440764_22773.JPEG,n01440764,n01440764,n02102040,n01440764,n01440764,False,n01440764,0.94838184
train/n03425413/n03425413_31464.JPEG,n03425413,n03425413,n02102040,n01440764,n03425413,False,n03425413,0.949677
train/n03417042/n03417042_303.JPEG,n03417042,n03417042,n03394916,n03417042,n03417042,False,n03417042,0.9435839
train/n03445777/n03445777_6859.JPEG,n03445777,n03445777,n03028079,n03445777,n03425413,False,n03445777,0.9441113
train/n02102040/n02102040_4005.JPEG,n02102040,n02102040,n03888257,n03445777,n03028079,False,n02102040,0.9433499
train/n03417042/n03417042_3165.JPEG,n03417042,n03417042,n01440764,n03417042,n03417042,False,n03417042,0.93925786
train/n02979186/n02979186_3857.JPEG,n02979186,n02979186,n03888257,n02979186,n02102040,False,n02979186,0.941899
train/n03394916/n03394916_29247.JPEG,n03394916,n03394916,n03425413,n03394916,n03394916,False,n03394916,0.940425
train/n03028079/n03028079_9228.JPEG,n03028079,n03028079,n02102040,n02102040,n03425413,False,n03028079,0.95095825
train/n03417042/n03417042_2794.JPEG,n03417042,n03417042,n03394916,n03417042,n03417042,False,n03417042,0.9377111
train/n03417042/n03417042_5866.JPEG,n03417042,n03417042,n03888257,n03417042,n02102040,False,n03417042,0.9370375
train/n02979186/n02979186_13445.JPEG,n02979186,n02979186,n03425413,n02979186,n03445777,False,n02979186,0.9536902
train/n03445777/n03445777_8546.JPEG,n03445777,n03445777,n03028079,n03445777,n03445777,False,n03445777,0.9626091
train/n03417042/n03417042_20489.JPEG,n03417042,n03417042,n03000684,n03417042,n03028079,False,n03417042,0.9446408
train/n02102040/n02102040_7625.JPEG,n02102040,n02102040,n03000684,n02102040,n01440764,False,n02102040,0.93356615
train/n02102040/n02102040_5984.JPEG,n02102040,n02102040,n03000684,n02102040,n03394916,False,n02102040,0.9450114
train/n03000684/n03000684_17989.JPEG,n03000684,n03000684,n03425413,n02979186,n03000684,False,n03000684,0.95074344
train/n03000684/n03000684_35145.JPEG,n03000684,n03000684,n02102040,n02979186,n03888257,False,n03000684,0.93214315
train/n03000684/n03000684_24403.JPEG,n03000684,n03000684,n01440764,n03000684,n03000684,False,n03000684,0.9344279
train/n03000684/n03000684_16644.JPEG,n03000684,n03000684,n03417042,n03000684,n03888257,False,n03000684,0.937656
train/n03028079/n03028079_2514.JPEG,n03028079,n03028079,n03000684,n03028079,n03028079,False,n03028079,0.9311404
train/n02979186/n02979186_3225.JPEG,n02979186,n02979186,n03394916,n02979186,n03417042,False,n02979186,0.92523396
train/n03417042/n03417042_7458.JPEG,n03417042,n03417042,n03888257,n03417042,n03417042,False,n03417042,0.9290996
train/n03425413/n03425413_21435.JPEG,n03425413,n03425413,n03028079,n03425413,n03888257,False,n03425413,0.94703054
train/n03417042/n03417042_12614.JPEG,n03417042,n03417042,n03000684,n03417042,n03417042,False,n03417042,0.9433677
train/n02102040/n02102040_3343.JPEG,n02102040,n02102040,n03425413,n02102040,n02102040,False,n02102040,0.94462454
train/n03394916/n03394916_46656.JPEG,n03394916,n03394916,n02979186,n03394916,n01440764,False,n03394916,0.9245744
train/n03888257/n03888257_5565.JPEG,n03888257,n03888257,n03394916,n03888257,n03417042,False,n03888257,0.92260957
train/n02102040/n02102040_1753.JPEG,n02102040,n02102040,n03028079,n02102040,n02102040,False,n02102040,0.92296386
train/n03394916/n03394916_30117.JPEG,n03394916,n03394916,n03417042,n03394916,n03888257,False,n03394916,0.9192431
train/n03417042/n03417042_7013.JPEG,n03417042,n03417042,n03445777,n03417042,n03417042,False,n03417042,0.92490214
train/n02979186/n02979186_13847.JPEG,n02979186,n02979186,n03000684,n02979186,n03445777,False,n02979186,0.9417994
train/n02979186/n02979186_20733.JPEG,n02979186,n02979186,n02102040,n03000684,n03445777,False,n02979186,0.935454
train/n03417042/n03417042_5824.JPEG,n03417042,n03417042,n03028079,n03417042,n03445777,False,n03417042,0.9335606
train/n02102040/n02102040_1239.JPEG,n02102040,n02102040,n03417042,n02102040,n02102040,False,n02102040,0.92709726
train/n02102040/n02102040_2929.JPEG,n02102040,n02102040,n03425413,n02102040,n02102040,False,n02102040,0.9268999
train/n03000684/n03000684_27224.JPEG,n03000684,n03000684,n03417042,n01440764,n03000684,False,n03000684,0.9243194
train/n03425413/n03425413_2443.JPEG,n03425413,n03425413,n03888257,n03425413,n03425413,False,n03425413,0.9416186
train/n03445777/n03445777_10719.JPEG,n03445777,n03445777,n01440764,n02979186,n03445777,False,n03445777,0.92083985
train/n02979186/n02979186_26217.JPEG,n02979186,n02979186,n03888257,n03417042,n02979186,False,n02979186,0.92440116
train/n03000684/n03000684_7636.JPEG,n03000684,n03000684,n03888257,n03000684,n01440764,False,n03000684,0.8964094
train/n01440764/n01440764_7185.JPEG,n01440764,n01440764,n03000684,n01440764,n01440764,False,n01440764,0.90993845
train/n02979186/n02979186_16417.JPEG,n02979186,n02979186,n03425413,n02979186,n03445777,False,n02979186,0.9225544
train/n01440764/n01440764_3354.JPEG,n01440764,n01440764,n02979186,n01440764,n03394916,False,n01440764,0.8982071
train/n01440764/n01440764_11424.JPEG,n01440764,n01440764,n03425413,n01440764,n02102040,False,n01440764,0.93133706
train/n03394916/n03394916_24304.JPEG,n03394916,n03394916,n02102040,n03394916,n03394916,False,n03394916,0.9062491
train/n03000684/n03000684_745.JPEG,n03000684,n03000684,n03417042,n03000684,n03425413,False,n03000684,0.8947736
train/n03394916/n03394916_20326.JPEG,n03394916,n03394916,n03028079,n03394916,n03425413,False,n03394916,0.9148841
train/n03417042/n03417042_8807.JPEG,n03417042,n03417042,n03417042,n03888257,n03417042,False,n03425413,0.8935965
train/n03000684/n03000684_1459.JPEG,n03000684,n03000684,n01440764,n03000684,n03000684,False,n03000684,0.8854117
train/n03445777/n03445777_3095.JPEG,n03445777,n03445777,n03000684,n03028079,n03445777,False,n03445777,0.9229017
train/n03000684/n03000684_157.JPEG,n03000684,n03000684,n01440764,n03445777,n03000684,False,n03000684,0.87612355
train/n02102040/n02102040_1183.JPEG,n02102040,n02102040,n03000684,n02102040,n02979186,False,n02102040,0.9016148
train/n03888257/n03888257_37776.JPEG,n03888257,n03888257,n03394916,n03888257,n02979186,False,n03888257,0.91843563
train/n03000684/n03000684_15329.JPEG,n03000684,n03000684,n03394916,n03417042,n03888257,False,n03000684,0.8737653
train/n03888257/n03888257_7793.JPEG,n03888257,n03888257,n03394916,n03888257,n03888257,False,n03888257,0.9285337
train/n02979186/n02979186_9449.JPEG,n02979186,n02979186,n02102040,n02979186,n02979186,False,n02979186,0.87511945
train/n03000684/n03000684_26377.JPEG,n03000684,n03000684,n03445777,n03000684,n03000684,False,n03000684,0.90167046
train/n03445777/ILSVRC2012_val_00036755.JPEG,n03445777,n03445777,n01440764,n03445777,n03445777,False,n03445777,0.849228
train/n02979186/n02979186_13289.JPEG,n02979186,n02979186,n02979186,n03000684,n01440764,False,n03394916,0.9024478
train/n02102040/n02102040_95.JPEG,n02102040,n02102040,n02102040,n02102040,n03394916,False,n03028079,0.85005844
train/n03888257/n03888257_22703.JPEG,n03888257,n03888257,n03394916,n03888257,n01440764,False,n03888257,0.8837885
train/n03417042/n03417042_15278.JPEG,n03417042,n03417042,n03028079,n03445777,n03028079,False,n03417042,0.8829189
train/n03028079/n03028079_37199.JPEG,n03028079,n03028079,n03394916,n03028079,n03000684,False,n03028079,0.82940286
train/n03000684/n03000684_13916.JPEG,n03000684,n03000684,n01440764,n03000684,n03000684,False,n03000684,0.8539544
train/n02979186/n02979186_4624.JPEG,n02979186,n02979186,n03888257,n02979186,n03425413,False,n02979186,0.7966028
train/n02102040/n02102040_1269.JPEG,n02102040,n02102040,n03445777,n02102040,n02102040,False,n02102040,0.83428884
train/n03394916/n03394916_35408.JPEG,n03394916,n03394916,n03000684,n03394916,n03000684,False,n03394916,0.8362982
train/n03000684/n03000684_13903.JPEG,n03000684,n03000684,n03425413,n03000684,n03417042,False,n03000684,0.7377674
train/n03445777/n03445777_10106.JPEG,n03445777,n03445777,n03028079,n03445777,n02979186,False,n03445777,0.8254495
train/n03000684/n03000684_14378.JPEG,n03000684,n03000684,n03417042,n03000684,n03000684,False,n03000684,0.77263105
train/n03888257/n03888257_9858.JPEG,n03888257,n03888257,n03888257,n03425413,n03028079,False,n03425413,0.83130336
train/n03000684/n03000684_9113.JPEG,n03000684,n03000684,n03445777,n03000684,n03000684,False,n03000684,0.75929755
train/n03888257/ILSVRC2012_val_00023107.JPEG,n03888257,n03888257,n03888257,n03888257,n03425413,False,n03445777,0.6900898
train/n03000684/n03000684_9569.JPEG,n03000684,n03000684,n03394916,n03000684,n03000684,False,n03000684,0.56283003
train/n03394916/n03394916_28136.JPEG,n03394916,n03394916,n02979186,n03394916,n03417042,False,n03394916,0.5457983
train/n03000684/n03000684_16289.JPEG,n03000684,n03000684,n03000684,n03000684,n03000684,False,n03888257,0.5901012
train/n03425413/n03425413_7656.JPEG,n03425413,n03425413,n03425413,n03000684,n03445777,False,n02979186,0.68104243
train/n03028079/n03028079_6215.JPEG,n03028079,n03028079,n03028079,n03028079,n02979186,False,n03425413,0.6884786
train/n03417042/n03417042_29185.JPEG,n03417042,n03417042,n03445777,n03417042,n02979186,False,n03417042,0.475404
train/n03000684/n03000684_26889.JPEG,n03000684,n03000684,n03000684,n03000684,n03445777,False,n03028079,0.45958024
train/n03000684/n03000684_8858.JPEG,n03000684,n03000684,n03000684,n03425413,n02102040,False,n03417042,0.4451162
train/n03000684/n03000684_18335.JPEG,n03000684,n03000684,n03000684,n03445777,n03394916,False,n02979186,0.482209
train/n03000684/n03000684_974.JPEG,n03000684,n03000684,n03000684,n02979186,n03000684,False,n03394916,0.3545359
train/n03417042/n03417042_1714.JPEG,n03417042,n03417042,n03417042,n03417042,n03028079,False,n03028079,0.55631316
train/n03417042/n03417042_2156.JPEG,n03417042,n03417042,n03417042,n03394916,n03417042,False,n03394916,0.36936578
train/n03888257/n03888257_52009.JPEG,n03888257,n03888257,n03888257,n03888257,n03000684,False,n03425413,0.23674956
